portamento,7.6422018348623855,Good match
chinar,6.886956521739131,Typical match
wagwarne,6.72972972972973,Typical match
