portamento,7.362385321100917,Typical match
chinar,6.114130434782608,Poor match
wagwarne,5.711711711711712,Poor match
