portamento,8.724770642201834,Amazing match
rome92,8.404761904761905,Great match
b055k,7.970873786407767,Good match
