portamento,7.6422018348623855,Good match
rome92,7.119047619047619,Typical match
b055k,6.526699029126213,Typical match
