portamento,8.724770642201834,Amazing match
chinar,8.18695652173913,Great match
wagwarne,8.17117117117117,Great match
