portamento,7.362385321100917,Typical match
rome92,6.261904761904762,Poor match
b055k,5.217233009708738,Bad match
